"latitude","longitude","year","month","country","basisOfRecord","latitude_moved","longitude_moved","dist_moved","Galway_seaway","Galway_geodesic","Plymouth_seaway","Plymouth_geodesic","Roscoff_seaway","Roscoff_geodesic"
54.493527,-5.651326,2025,4,"United Kingdom of Great Britain and Northern Ireland","HUMAN_OBSERVATION",54.55,-5.64999999999999,6.29,527,306,609,476,682,659
54.493516,-5.650446,2025,4,"United Kingdom of Great Britain and Northern Ireland","HUMAN_OBSERVATION",54.55,-5.64999999999999,6.29,527,306,609,476,682,659
48.639871,-2.246114,2025,4,"France","HUMAN_OBSERVATION",NA,NA,NA,862,735,235,237,143,127
48.639935,-2.246243,2025,4,"France","HUMAN_OBSERVATION",NA,NA,NA,862,735,235,237,143,127
49.1743,-2.11367,2024,2,"Jersey","HUMAN_OBSERVATION",NA,NA,NA,849,700,198,198,147,145
51.27029,3.21224,2024,2,"Belgium","HUMAN_OBSERVATION",51.35,3.15000000000001,9.87,1243,904,569,526,605,588
51.7,3.9,2024,4,"Netherlands","HUMAN_OBSERVATION",51.75,3.85000000000001,6.55,1306,937,632,582,668,651
54.49358,-5.651375,2024,7,"United Kingdom of Great Britain and Northern Ireland","HUMAN_OBSERVATION",54.55,-5.64999999999999,6.28,527,306,609,476,682,659
54.665437,-5.67325,2024,7,"United Kingdom of Great Britain and Northern Ireland","HUMAN_OBSERVATION",54.75,-5.64999999999999,9.53,501,316,637,498,709,681
54.493603,-5.651308,2024,7,"United Kingdom of Great Britain and Northern Ireland","HUMAN_OBSERVATION",54.55,-5.64999999999999,6.28,527,306,609,476,682,659
54.493592,-5.651272,2024,7,"United Kingdom of Great Britain and Northern Ireland","HUMAN_OBSERVATION",54.55,-5.64999999999999,6.28,527,306,609,476,682,659
54.49358,-5.651375,2024,7,"United Kingdom of Great Britain and Northern Ireland","HUMAN_OBSERVATION",54.55,-5.64999999999999,6.28,527,306,609,476,682,659
54.415491,-5.628553,2024,7,"United Kingdom of Great Britain and Northern Ireland","HUMAN_OBSERVATION",54.45,-5.54999999999999,6.37,540,307,596,464,669,647
54.665437,-5.67325,2024,7,"United Kingdom of Great Britain and Northern Ireland","HUMAN_OBSERVATION",54.75,-5.64999999999999,9.53,501,316,637,498,709,681
54.493592,-5.651272,2024,7,"United Kingdom of Great Britain and Northern Ireland","HUMAN_OBSERVATION",54.55,-5.64999999999999,6.28,527,306,609,476,682,659
54.415491,-5.628553,2024,7,"United Kingdom of Great Britain and Northern Ireland","HUMAN_OBSERVATION",54.45,-5.54999999999999,6.37,540,307,596,464,669,647
54.493603,-5.651308,2024,7,"United Kingdom of Great Britain and Northern Ireland","HUMAN_OBSERVATION",54.55,-5.64999999999999,6.28,527,306,609,476,682,659
47.38697,-2.529831,2024,9,"France","HUMAN_OBSERVATION",NA,NA,NA,942,830,444,352,304,183
48.568796,-1.979144,2023,5,"France","HUMAN_OBSERVATION",48.65,-2.04999999999999,10.44,876,744,245,244,158,141
49.34041,-0.2702,2023,6,"France","HUMAN_OBSERVATION",NA,NA,NA,977,790,318,302,321,279
49.169857,-2.175458,2023,7,"Jersey","HUMAN_OBSERVATION",NA,NA,NA,849,697,198,195,147,141
49.34041,-0.2702,2023,7,"France","HUMAN_OBSERVATION",NA,NA,NA,977,790,318,302,321,279
51.65,3.75,2023,8,"Netherlands","HUMAN_OBSERVATION",NA,NA,NA,1296,933,622,573,657,640
47.28644,-2.52363,2023,8,"France","HUMAN_OBSERVATION",NA,NA,NA,946,839,448,363,307,192
49.67972,-1.72389,2023,8,"France","HUMAN_OBSERVATION",49.75,-1.74999999999999,8.05,854,678,195,185,198,198
51.35787,3.35626,2023,8,"Belgium","HUMAN_OBSERVATION",51.45,3.35000000000001,10.27,1261,913,587,541,622,605
51.35793,3.35646,2023,8,"Belgium","HUMAN_OBSERVATION",51.45,3.35000000000001,10.26,1261,913,587,541,622,605
51.211832,-4.115608,2023,9,"United Kingdom of Great Britain and Northern Ireland","HUMAN_OBSERVATION",NA,NA,NA,618,447,274,94,347,278
54.491112,-5.649472,2023,9,"United Kingdom of Great Britain and Northern Ireland","HUMAN_OBSERVATION",54.55,-5.64999999999999,6.56,527,306,609,476,682,659
48.59619,-2.01798,2022,2,"France","HUMAN_OBSERVATION",48.65,-2.04999999999999,6.44,876,744,245,244,158,141
48.57114,-1.98165,2022,2,"France","HUMAN_OBSERVATION",48.65,-2.04999999999999,10.12,876,744,245,244,158,141
43.421291,4.921123,2022,3,"France","HUMAN_OBSERVATION",43.35,4.95000000000001,8.27,3446,1544,3207,1043,3077,911
43.422662,4.917733,2022,3,"France","HUMAN_OBSERVATION",43.35,4.95000000000001,8.5,3446,1544,3207,1043,3077,911
47.36521,-2.53153,2022,5,"France","HUMAN_OBSERVATION",NA,NA,NA,942,832,444,354,304,185
51.33329,3.20088,2022,5,"Belgium","HUMAN_OBSERVATION",51.35,3.15000000000001,4,1243,904,569,526,605,588
47.36425,-2.53168,2022,6,"France","HUMAN_OBSERVATION",NA,NA,NA,942,832,444,355,304,185
48.78329,-3.583153,2022,7,"France","HUMAN_OBSERVATION",NA,NA,NA,766,658,185,181,29,29
47.29383,-2.54824,2022,7,"France","HUMAN_OBSERVATION",NA,NA,NA,946,837,448,362,307,190
48.60343,-2.02022,2022,7,"France","HUMAN_OBSERVATION",NA,NA,NA,876,749,245,250,158,144
48.30466,-4.64344,2022,7,"France","HUMAN_OBSERVATION",NA,NA,NA,731,657,230,232,90,68
50.365078,-4.132024,2022,8,"United Kingdom of Great Britain and Northern Ireland","HUMAN_OBSERVATION",NA,NA,NA,689,503,0,2,180,184
51.33329,3.2022,2022,8,"Belgium","HUMAN_OBSERVATION",51.35,3.15000000000001,4.08,1243,904,569,526,605,588
54.491313,-5.649673,2022,9,"United Kingdom of Great Britain and Northern Ireland","HUMAN_OBSERVATION",54.55,-5.64999999999999,6.53,527,306,609,476,682,659
47.487381,-3.101542,2022,9,"France","HUMAN_OBSERVATION",NA,NA,NA,893,796,396,329,255,151
47.487381,-3.101542,2022,9,"France","HUMAN_OBSERVATION",NA,NA,NA,893,796,396,329,255,151
47.487381,-3.101542,2022,9,"France","HUMAN_OBSERVATION",NA,NA,NA,893,796,396,329,255,151
54.491313,-5.649673,2022,9,"United Kingdom of Great Britain and Northern Ireland","HUMAN_OBSERVATION",54.55,-5.64999999999999,6.53,527,306,609,476,682,659
51.696857,-4.677659,2022,10,"United Kingdom of Great Britain and Northern Ireland","HUMAN_OBSERVATION",NA,NA,NA,583,385,294,152,367,335
51.696857,-4.677659,2022,10,"United Kingdom of Great Britain and Northern Ireland","HUMAN_OBSERVATION",NA,NA,NA,583,385,294,152,367,335
48.59619,-2.01798,2021,2,"France","HUMAN_OBSERVATION",48.65,-2.04999999999999,6.44,876,744,245,244,158,141
48.59619,-2.01798,2021,2,"France","HUMAN_OBSERVATION",48.65,-2.04999999999999,6.44,876,744,245,244,158,141
48.68674,-1.96029,2021,3,"France","HUMAN_OBSERVATION",48.75,-1.94999999999999,7.08,880,741,242,240,162,148
48.59619,-2.01798,2021,5,"France","HUMAN_OBSERVATION",48.65,-2.04999999999999,6.44,876,744,245,244,158,141
48.6373,-2.0217,2021,6,"France","HUMAN_OBSERVATION",NA,NA,NA,876,746,245,247,158,143
48.63767,-2.02248,2021,6,"France","HUMAN_OBSERVATION",NA,NA,NA,876,746,245,247,158,143
48.68244,-1.98737,2021,7,"France","HUMAN_OBSERVATION",48.65,-2.04999999999999,5.85,876,744,245,244,158,141
52.95721,1.103449,2021,7,"United Kingdom of Great Britain and Northern Ireland","HUMAN_OBSERVATION",NA,NA,NA,1346,727,672,464,708,591
52.95053,1.147377,2021,7,"United Kingdom of Great Britain and Northern Ireland","HUMAN_OBSERVATION",NA,NA,NA,1346,730,672,466,708,593
52.94988,1.207468,2021,7,"United Kingdom of Great Britain and Northern Ireland","HUMAN_OBSERVATION",NA,NA,NA,1340,734,665,469,701,595
52.9479,1.222443,2021,7,"United Kingdom of Great Britain and Northern Ireland","HUMAN_OBSERVATION",NA,NA,NA,1340,735,665,470,701,596
48.59619,-2.01798,2021,7,"France","HUMAN_OBSERVATION",48.65,-2.04999999999999,6.44,876,744,245,244,158,141
52.93994,1.277369,2021,7,"United Kingdom of Great Britain and Northern Ireland","HUMAN_OBSERVATION",NA,NA,NA,1340,739,665,472,701,597
52.94988,1.207468,2021,7,"United Kingdom of Great Britain and Northern Ireland","HUMAN_OBSERVATION",NA,NA,NA,1340,734,665,469,701,595
49.17532,-2.191319,2021,7,"Jersey","HUMAN_OBSERVATION",NA,NA,NA,849,695,198,194,147,140
52.95679,1.105177,2021,7,"United Kingdom of Great Britain and Northern Ireland","HUMAN_OBSERVATION",NA,NA,NA,1346,727,672,464,708,591
44.62848,-1.24306,2021,7,"France","HUMAN_OBSERVATION",44.65,-1.34999999999999,8.8,1211,1135,716,670,576,494
52.94988,1.207468,2021,7,"United Kingdom of Great Britain and Northern Ireland","HUMAN_OBSERVATION",NA,NA,NA,1340,734,665,469,701,595
52.92154,1.345522,2021,7,"United Kingdom of Great Britain and Northern Ireland","HUMAN_OBSERVATION",NA,NA,NA,1333,744,659,475,694,599
52.92171,1.348876,2021,7,"United Kingdom of Great Britain and Northern Ireland","HUMAN_OBSERVATION",NA,NA,NA,1333,744,659,475,694,599
52.92154,1.345522,2021,7,"United Kingdom of Great Britain and Northern Ireland","HUMAN_OBSERVATION",NA,NA,NA,1333,744,659,475,694,599
52.9485,1.20735,2021,8,"United Kingdom of Great Britain and Northern Ireland","HUMAN_OBSERVATION",NA,NA,NA,1340,734,665,469,701,595
52.9485,1.20735,2021,8,"United Kingdom of Great Britain and Northern Ireland","HUMAN_OBSERVATION",NA,NA,NA,1340,734,665,469,701,595
52.95718,1.101384,2021,8,"United Kingdom of Great Britain and Northern Ireland","HUMAN_OBSERVATION",NA,NA,NA,1346,727,672,464,708,591
52.95037,1.141423,2021,8,"United Kingdom of Great Britain and Northern Ireland","HUMAN_OBSERVATION",NA,NA,NA,1346,730,672,466,708,592
50.60811,-1.949401,2021,8,"United Kingdom of Great Britain and Northern Ireland","HUMAN_OBSERVATION",50.55,-1.94999999999999,6.47,853,615,179,158,248,250
52.94971,1.166794,2021,8,"United Kingdom of Great Britain and Northern Ireland","HUMAN_OBSERVATION",NA,NA,NA,1346,731,672,467,708,593
52.94923,1.208492,2021,8,"United Kingdom of Great Britain and Northern Ireland","HUMAN_OBSERVATION",NA,NA,NA,1340,734,665,469,701,595
48.83585,-3.51022,2021,8,"France","HUMAN_OBSERVATION",NA,NA,NA,762,657,174,177,33,36
52.96047,1.084916,2021,8,"United Kingdom of Great Britain and Northern Ireland","HUMAN_OBSERVATION",52.95,1.15000000000001,4.52,1346,730,672,466,708,593
48.32548,-4.39306,2021,8,"France","HUMAN_OBSERVATION",NA,NA,NA,753,665,253,228,112,54
52.95012,1.144488,2021,8,"United Kingdom of Great Britain and Northern Ireland","HUMAN_OBSERVATION",NA,NA,NA,1346,730,672,466,708,592
52.94698,1.222732,2021,8,"United Kingdom of Great Britain and Northern Ireland","HUMAN_OBSERVATION",NA,NA,NA,1340,735,665,470,701,596
48.59619,-2.01798,2021,8,"France","HUMAN_OBSERVATION",48.65,-2.04999999999999,6.44,876,744,245,244,158,141
52.93253,1.315124,2021,8,"United Kingdom of Great Britain and Northern Ireland","HUMAN_OBSERVATION",NA,NA,NA,1333,741,659,474,694,598
52.91844,1.351718,2021,8,"United Kingdom of Great Britain and Northern Ireland","HUMAN_OBSERVATION",NA,NA,NA,1333,744,659,475,694,599
52.9572,1.103754,2021,8,"United Kingdom of Great Britain and Northern Ireland","HUMAN_OBSERVATION",NA,NA,NA,1346,727,672,464,708,591
52.94969,1.206553,2021,8,"United Kingdom of Great Britain and Northern Ireland","HUMAN_OBSERVATION",NA,NA,NA,1340,734,665,469,701,595
48.57123,-1.98367,2021,9,"France","HUMAN_OBSERVATION",48.65,-2.04999999999999,10.04,876,744,245,244,158,141
48.68,-2.071,2021,9,"France","HUMAN_OBSERVATION",NA,NA,NA,876,741,245,241,158,140
48.57114,-1.98165,2021,9,"France","HUMAN_OBSERVATION",48.65,-2.04999999999999,10.12,876,744,245,244,158,141
52.94701,1.219004,2021,10,"United Kingdom of Great Britain and Northern Ireland","HUMAN_OBSERVATION",NA,NA,NA,1340,735,665,470,701,595
52.94878,1.20624,2021,10,"United Kingdom of Great Britain and Northern Ireland","HUMAN_OBSERVATION",NA,NA,NA,1340,734,665,469,701,595
48.57114,-1.98165,2021,10,"France","HUMAN_OBSERVATION",48.65,-2.04999999999999,10.12,876,744,245,244,158,141
49.48892,0.11775,2021,10,"France","HUMAN_OBSERVATION",NA,NA,NA,1002,804,342,322,346,310
52.94872,1.205491,2021,10,"United Kingdom of Great Britain and Northern Ireland","HUMAN_OBSERVATION",NA,NA,NA,1340,734,665,469,701,595
52.94878,1.20624,2021,10,"United Kingdom of Great Britain and Northern Ireland","HUMAN_OBSERVATION",NA,NA,NA,1340,734,665,469,701,595
52.94792,1.207159,2021,10,"United Kingdom of Great Britain and Northern Ireland","HUMAN_OBSERVATION",NA,NA,NA,1340,734,665,469,701,595
48.67159,-1.98617,2021,11,"France","HUMAN_OBSERVATION",48.65,-2.04999999999999,5.27,876,744,245,244,158,141
52.94838,1.206679,2021,11,"United Kingdom of Great Britain and Northern Ireland","HUMAN_OBSERVATION",NA,NA,NA,1340,734,665,469,701,595
52.94838,1.206679,2021,11,"United Kingdom of Great Britain and Northern Ireland","HUMAN_OBSERVATION",NA,NA,NA,1340,734,665,469,701,595
49.14847,-2.0097,2020,6,"Jersey","HUMAN_OBSERVATION",NA,NA,NA,856,707,203,206,154,151
52.92053,1.3522,2020,6,"United Kingdom of Great Britain and Northern Ireland","HUMAN_OBSERVATION",NA,NA,NA,1333,744,659,475,694,599
52.91903,1.35486,2020,6,"United Kingdom of Great Britain and Northern Ireland","HUMAN_OBSERVATION",NA,NA,NA,1333,744,659,475,694,599
52.96522,1.054695,2020,6,"United Kingdom of Great Britain and Northern Ireland","HUMAN_OBSERVATION",53.05,1.05000000000001,9.44,1357,722,683,467,719,597
50.57026,-2.441696,2020,6,"United Kingdom of Great Britain and Northern Ireland","HUMAN_OBSERVATION",50.55,-2.34999999999999,6.87,825,591,151,130,232,235
52.94928,1.211652,2020,7,"United Kingdom of Great Britain and Northern Ireland","HUMAN_OBSERVATION",NA,NA,NA,1340,734,665,469,701,595
52.95721,1.102288,2020,7,"United Kingdom of Great Britain and Northern Ireland","HUMAN_OBSERVATION",NA,NA,NA,1346,727,672,464,708,591
52.95084,1.13667,2020,7,"United Kingdom of Great Britain and Northern Ireland","HUMAN_OBSERVATION",NA,NA,NA,1346,729,672,465,708,592
48.68324,-2.0437,2020,7,"France","HUMAN_OBSERVATION",NA,NA,NA,876,742,245,242,158,142
48.65528,-2.13955,2020,7,"France","HUMAN_OBSERVATION",NA,NA,NA,869,739,240,240,151,135
52.95794,1.102995,2020,7,"United Kingdom of Great Britain and Northern Ireland","HUMAN_OBSERVATION",NA,NA,NA,1346,727,672,464,708,591
48.62806,-2.02806,2020,7,"France","HUMAN_OBSERVATION",NA,NA,NA,876,747,245,247,158,143
52.9573,1.102078,2020,7,"United Kingdom of Great Britain and Northern Ireland","HUMAN_OBSERVATION",NA,NA,NA,1346,727,672,464,708,591
50.60776,-1.950306,2020,7,"United Kingdom of Great Britain and Northern Ireland","HUMAN_OBSERVATION",50.55,-1.94999999999999,6.43,853,615,179,158,248,250
52.95746,1.102663,2020,7,"United Kingdom of Great Britain and Northern Ireland","HUMAN_OBSERVATION",NA,NA,NA,1346,727,672,464,708,591
52.91842,1.351799,2020,7,"United Kingdom of Great Britain and Northern Ireland","HUMAN_OBSERVATION",NA,NA,NA,1333,744,659,475,694,599
47.656694,-3.209949,2020,8,"France","HUMAN_OBSERVATION",NA,NA,NA,878,776,381,309,240,131
52.96577,1.055732,2020,8,"United Kingdom of Great Britain and Northern Ireland","HUMAN_OBSERVATION",53.05,1.05000000000001,9.38,1357,722,683,467,719,597
52.96572,1.055564,2020,8,"United Kingdom of Great Britain and Northern Ireland","HUMAN_OBSERVATION",53.05,1.05000000000001,9.39,1357,722,683,467,719,597
49.25847,-2.224269,2020,8,"Jersey","HUMAN_OBSERVATION",NA,NA,NA,838,687,185,186,143,141
52.94897,1.206008,2020,8,"United Kingdom of Great Britain and Northern Ireland","HUMAN_OBSERVATION",NA,NA,NA,1340,734,665,469,701,595
52.96572,1.055564,2020,8,"United Kingdom of Great Britain and Northern Ireland","HUMAN_OBSERVATION",53.05,1.05000000000001,9.39,1357,722,683,467,719,597
52.9421,1.250144,2020,8,"United Kingdom of Great Britain and Northern Ireland","HUMAN_OBSERVATION",NA,NA,NA,1340,737,665,471,701,596
50.42471,-5.096361,2020,8,"United Kingdom of Great Britain and Northern Ireland","HUMAN_OBSERVATION",NA,NA,NA,588,449,164,67,237,207
52.95164,1.206079,2020,8,"United Kingdom of Great Britain and Northern Ireland","HUMAN_OBSERVATION",NA,NA,NA,1340,734,665,469,701,595
52.95075,1.138093,2020,8,"United Kingdom of Great Britain and Northern Ireland","HUMAN_OBSERVATION",NA,NA,NA,1346,729,672,465,708,592
48.57116,-1.98165,2020,8,"France","HUMAN_OBSERVATION",48.65,-2.04999999999999,10.12,876,744,245,244,158,141
48.57014,-1.97771,2020,8,"France","HUMAN_OBSERVATION",48.65,-2.04999999999999,10.36,876,744,245,244,158,141
52.95093,1.13725,2020,8,"United Kingdom of Great Britain and Northern Ireland","HUMAN_OBSERVATION",NA,NA,NA,1346,729,672,465,708,592
52.96655,1.054133,2020,8,"United Kingdom of Great Britain and Northern Ireland","HUMAN_OBSERVATION",53.05,1.05000000000001,9.29,1357,722,683,467,719,597
48.57116,-1.98165,2020,8,"France","HUMAN_OBSERVATION",48.65,-2.04999999999999,10.12,876,744,245,244,158,141
52.96655,1.054133,2020,8,"United Kingdom of Great Britain and Northern Ireland","HUMAN_OBSERVATION",53.05,1.05000000000001,9.29,1357,722,683,467,719,597
52.94897,1.206008,2020,8,"United Kingdom of Great Britain and Northern Ireland","HUMAN_OBSERVATION",NA,NA,NA,1340,734,665,469,701,595
47.70241,-3.38338,2020,9,"France","HUMAN_OBSERVATION",47.65,-3.34999999999999,6.35,871,770,373,308,232,127
52.95076,1.137766,2020,9,"United Kingdom of Great Britain and Northern Ireland","HUMAN_OBSERVATION",NA,NA,NA,1346,729,672,465,708,592
52.94857,1.209009,2020,9,"United Kingdom of Great Britain and Northern Ireland","HUMAN_OBSERVATION",NA,NA,NA,1340,734,665,469,701,595
52.93159,1.315238,2020,9,"United Kingdom of Great Britain and Northern Ireland","HUMAN_OBSERVATION",NA,NA,NA,1333,741,659,474,694,598
48.57116,-1.98165,2020,9,"France","HUMAN_OBSERVATION",48.65,-2.04999999999999,10.12,876,744,245,244,158,141
52.9467,1.217671,2020,9,"United Kingdom of Great Britain and Northern Ireland","HUMAN_OBSERVATION",NA,NA,NA,1340,735,665,469,701,595
50.60825,-1.949146,2020,9,"United Kingdom of Great Britain and Northern Ireland","HUMAN_OBSERVATION",50.55,-1.94999999999999,6.48,853,615,179,158,248,250
52.94752,1.204077,2020,9,"United Kingdom of Great Britain and Northern Ireland","HUMAN_OBSERVATION",NA,NA,NA,1340,734,665,469,701,595
52.93366,1.315955,2020,9,"United Kingdom of Great Britain and Northern Ireland","HUMAN_OBSERVATION",NA,NA,NA,1333,741,659,474,694,598
50.59002,-2.330746,2020,9,"United Kingdom of Great Britain and Northern Ireland","HUMAN_OBSERVATION",NA,NA,NA,825,590,151,132,232,239
52.93988,1.275332,2020,9,"United Kingdom of Great Britain and Northern Ireland","HUMAN_OBSERVATION",NA,NA,NA,1340,739,665,472,701,597
52.95076,1.145234,2020,10,"United Kingdom of Great Britain and Northern Ireland","HUMAN_OBSERVATION",NA,NA,NA,1346,730,672,466,708,593
48.59619,-2.01798,2020,10,"France","HUMAN_OBSERVATION",48.65,-2.04999999999999,6.44,876,744,245,244,158,141
48.57116,-1.98165,2020,10,"France","HUMAN_OBSERVATION",48.65,-2.04999999999999,10.12,876,744,245,244,158,141
50.60802,-1.948892,2020,12,"United Kingdom of Great Britain and Northern Ireland","HUMAN_OBSERVATION",50.55,-1.94999999999999,6.46,853,615,179,158,248,250
49.48892,0.11775,2019,1,"France","HUMAN_OBSERVATION",NA,NA,NA,1002,804,342,322,346,310
49.1823,-2.1105,2019,3,"Jersey","HUMAN_OBSERVATION",NA,NA,NA,849,699,198,198,147,145
50.7136,-1.873374,2019,3,"United Kingdom of Great Britain and Northern Ireland","HUMAN_OBSERVATION",50.65,-1.84999999999999,7.27,864,615,190,167,262,264
49.203116,-2.01589,2019,4,"Jersey","HUMAN_OBSERVATION",NA,NA,NA,852,703,195,201,158,153
52.96551,1.054447,2019,7,"United Kingdom of Great Britain and Northern Ireland","HUMAN_OBSERVATION",53.05,1.05000000000001,9.41,1357,722,683,467,719,597
49.162,-2.023,2019,7,"Jersey","HUMAN_OBSERVATION",NA,NA,NA,856,705,203,204,154,151
52.94694,1.218142,2019,7,"United Kingdom of Great Britain and Northern Ireland","HUMAN_OBSERVATION",NA,NA,NA,1340,735,665,470,701,595
52.95121,1.135252,2019,7,"United Kingdom of Great Britain and Northern Ireland","HUMAN_OBSERVATION",NA,NA,NA,1346,729,672,465,708,592
52.94282,1.255052,2019,7,"United Kingdom of Great Britain and Northern Ireland","HUMAN_OBSERVATION",NA,NA,NA,1340,737,665,471,701,597
52.96678,1.054194,2019,7,"United Kingdom of Great Britain and Northern Ireland","HUMAN_OBSERVATION",53.05,1.05000000000001,9.27,1357,722,683,467,719,597
52.94282,1.255052,2019,7,"United Kingdom of Great Britain and Northern Ireland","HUMAN_OBSERVATION",NA,NA,NA,1340,737,665,471,701,597
52.94895,1.209483,2019,7,"United Kingdom of Great Britain and Northern Ireland","HUMAN_OBSERVATION",NA,NA,NA,1340,734,665,469,701,595
48.670151,-4.469221,2019,8,"France","HUMAN_OBSERVATION",NA,NA,NA,716,630,192,190,41,37
52.95079,1.137835,2019,8,"United Kingdom of Great Britain and Northern Ireland","HUMAN_OBSERVATION",NA,NA,NA,1346,729,672,465,708,592
51.5,4,2019,8,"Netherlands","HUMAN_OBSERVATION",51.55,3.95000000000001,6.56,1314,950,640,584,675,647
52.94761,1.215423,2019,8,"United Kingdom of Great Britain and Northern Ireland","HUMAN_OBSERVATION",NA,NA,NA,1340,735,665,469,701,595
52.94361,1.253168,2019,8,"United Kingdom of Great Britain and Northern Ireland","HUMAN_OBSERVATION",NA,NA,NA,1340,737,665,471,701,597
52.92213,1.346431,2019,8,"United Kingdom of Great Britain and Northern Ireland","HUMAN_OBSERVATION",NA,NA,NA,1333,744,659,475,694,599
50.62594,-1.93496,2019,8,"United Kingdom of Great Britain and Northern Ireland","HUMAN_OBSERVATION",50.65,-1.84999999999999,6.57,864,615,190,167,262,264
52.9476,1.219271,2019,8,"United Kingdom of Great Britain and Northern Ireland","HUMAN_OBSERVATION",NA,NA,NA,1340,735,665,470,701,595
50.36385,-4.130932,2019,8,"United Kingdom of Great Britain and Northern Ireland","HUMAN_OBSERVATION",NA,NA,NA,689,503,0,2,180,183
52.84269,1.535315,2019,8,"United Kingdom of Great Britain and Northern Ireland","HUMAN_OBSERVATION",NA,NA,NA,1315,757,641,481,677,601
52.9639,1.069929,2019,8,"United Kingdom of Great Britain and Northern Ireland","HUMAN_OBSERVATION",52.95,1.15000000000001,5.59,1346,730,672,466,708,593
52.96168,1.085784,2019,8,"United Kingdom of Great Britain and Northern Ireland","HUMAN_OBSERVATION",52.95,1.15000000000001,4.5,1346,730,672,466,708,593
52.94627,1.218227,2019,8,"United Kingdom of Great Britain and Northern Ireland","HUMAN_OBSERVATION",NA,NA,NA,1340,735,665,469,701,595
52.9476,1.219271,2019,8,"United Kingdom of Great Britain and Northern Ireland","HUMAN_OBSERVATION",NA,NA,NA,1340,735,665,470,701,595
52.94918,1.206723,2019,9,"United Kingdom of Great Britain and Northern Ireland","HUMAN_OBSERVATION",NA,NA,NA,1340,734,665,469,701,595
49.1815,-2.111,2019,10,"Jersey","HUMAN_OBSERVATION",NA,NA,NA,849,699,198,198,147,145
51.646,4.105,2019,10,"Netherlands","HUMAN_OBSERVATION",51.55,4.05000000000001,11.34,1320,957,646,591,682,654
49.48892,0.11775,2018,1,"France","HUMAN_OBSERVATION",NA,NA,NA,1002,804,342,322,346,310
47.80708,-3.71284,2018,6,"France","HUMAN_OBSERVATION",47.75,-3.74999999999999,6.94,837,745,339,293,199,109
47.80663,-3.71601,2018,6,"France","HUMAN_OBSERVATION",47.75,-3.74999999999999,6.8,837,745,339,293,199,109
52.96551,1.055475,2018,7,"United Kingdom of Great Britain and Northern Ireland","HUMAN_OBSERVATION",53.05,1.05000000000001,9.41,1357,722,683,467,719,597
52.96566,1.055321,2018,7,"United Kingdom of Great Britain and Northern Ireland","HUMAN_OBSERVATION",53.05,1.05000000000001,9.4,1357,722,683,467,719,597
52.95806,1.098826,2018,7,"United Kingdom of Great Britain and Northern Ireland","HUMAN_OBSERVATION",52.95,1.15000000000001,3.55,1346,730,672,466,708,593
52.9482,1.167391,2018,7,"United Kingdom of Great Britain and Northern Ireland","HUMAN_OBSERVATION",NA,NA,NA,1346,731,672,467,708,593
52.91903,1.35454,2018,7,"United Kingdom of Great Britain and Northern Ireland","HUMAN_OBSERVATION",NA,NA,NA,1333,744,659,475,694,599
52.94959,1.167709,2018,7,"United Kingdom of Great Britain and Northern Ireland","HUMAN_OBSERVATION",NA,NA,NA,1346,731,672,467,708,593
52.96551,1.055475,2018,7,"United Kingdom of Great Britain and Northern Ireland","HUMAN_OBSERVATION",53.05,1.05000000000001,9.41,1357,722,683,467,719,597
52.94959,1.167709,2018,7,"United Kingdom of Great Britain and Northern Ireland","HUMAN_OBSERVATION",NA,NA,NA,1346,731,672,467,708,593
52.95713,1.101306,2018,7,"United Kingdom of Great Britain and Northern Ireland","HUMAN_OBSERVATION",NA,NA,NA,1346,727,672,464,708,591
52.94997,1.144663,2018,7,"United Kingdom of Great Britain and Northern Ireland","HUMAN_OBSERVATION",NA,NA,NA,1346,730,672,466,708,592
52.9482,1.167391,2018,7,"United Kingdom of Great Britain and Northern Ireland","HUMAN_OBSERVATION",NA,NA,NA,1346,731,672,467,708,593
52.91857,1.352949,2018,7,"United Kingdom of Great Britain and Northern Ireland","HUMAN_OBSERVATION",NA,NA,NA,1333,744,659,475,694,599
50.313323,-4.046456,2018,7,"United Kingdom of Great Britain and Northern Ireland","HUMAN_OBSERVATION",50.25,-4.04999999999999,7.05,693,516,13,15,168,171
52.93975,1.276997,2018,8,"United Kingdom of Great Britain and Northern Ireland","HUMAN_OBSERVATION",NA,NA,NA,1340,739,665,472,701,597
52.94844,1.216422,2018,8,"United Kingdom of Great Britain and Northern Ireland","HUMAN_OBSERVATION",NA,NA,NA,1340,735,665,470,701,595
52.96556,1.054436,2018,8,"United Kingdom of Great Britain and Northern Ireland","HUMAN_OBSERVATION",53.05,1.05000000000001,9.4,1357,722,683,467,719,597
52.95219,1.137646,2018,8,"United Kingdom of Great Britain and Northern Ireland","HUMAN_OBSERVATION",NA,NA,NA,1346,729,672,465,708,592
52.96675,1.054483,2018,8,"United Kingdom of Great Britain and Northern Ireland","HUMAN_OBSERVATION",53.05,1.05000000000001,9.27,1357,722,683,467,719,597
52.9657,1.054564,2018,8,"United Kingdom of Great Britain and Northern Ireland","HUMAN_OBSERVATION",53.05,1.05000000000001,9.39,1357,722,683,467,719,597
52.94632,1.219072,2018,8,"United Kingdom of Great Britain and Northern Ireland","HUMAN_OBSERVATION",NA,NA,NA,1340,735,665,470,701,595
52.95219,1.137646,2018,8,"United Kingdom of Great Britain and Northern Ireland","HUMAN_OBSERVATION",NA,NA,NA,1346,729,672,465,708,592
52.92343,1.34403,2018,8,"United Kingdom of Great Britain and Northern Ireland","HUMAN_OBSERVATION",NA,NA,NA,1333,743,659,475,694,599
52.92343,1.34403,2018,8,"United Kingdom of Great Britain and Northern Ireland","HUMAN_OBSERVATION",NA,NA,NA,1333,743,659,475,694,599
54.49043,-5.6426,2018,8,"United Kingdom of Great Britain and Northern Ireland","HUMAN_OBSERVATION",54.55,-5.64999999999999,6.65,527,306,609,476,682,659
52.95219,1.137646,2018,8,"United Kingdom of Great Britain and Northern Ireland","HUMAN_OBSERVATION",NA,NA,NA,1346,729,672,465,708,592
52.95704,1.101448,2018,8,"United Kingdom of Great Britain and Northern Ireland","HUMAN_OBSERVATION",NA,NA,NA,1346,727,672,464,708,591
51.52,4.004,2018,8,"Netherlands","HUMAN_OBSERVATION",NA,NA,NA,1320,954,646,587,682,649
52.95029,1.145937,2018,9,"United Kingdom of Great Britain and Northern Ireland","HUMAN_OBSERVATION",NA,NA,NA,1346,730,672,466,708,593
52.94425,1.25507,2018,9,"United Kingdom of Great Britain and Northern Ireland","HUMAN_OBSERVATION",NA,NA,NA,1340,737,665,471,701,597
50.239156,-5.39611,2018,9,"United Kingdom of Great Britain and Northern Ireland","HUMAN_OBSERVATION",NA,NA,NA,576,450,135,90,206,198
52.96706,1.055733,2018,9,"United Kingdom of Great Britain and Northern Ireland","HUMAN_OBSERVATION",53.05,1.05000000000001,9.24,1357,722,683,467,719,597
52.94425,1.25507,2018,9,"United Kingdom of Great Britain and Northern Ireland","HUMAN_OBSERVATION",NA,NA,NA,1340,737,665,471,701,597
51.628707,3.909945,2018,10,"Netherlands","HUMAN_OBSERVATION",51.65,3.85000000000001,4.77,1303,940,629,579,664,646
52.96682,1.053713,2018,10,"United Kingdom of Great Britain and Northern Ireland","HUMAN_OBSERVATION",53.05,1.05000000000001,9.26,1357,722,683,467,719,597
54.068306,-6.191826,2018,10,"United Kingdom of Great Britain and Northern Ireland","HUMAN_OBSERVATION",NA,NA,NA,626,252,558,435,631,615
52.94973,1.146016,2018,10,"United Kingdom of Great Britain and Northern Ireland","HUMAN_OBSERVATION",NA,NA,NA,1346,730,672,466,708,592
51.6,4.05,2018,11,"Netherlands","HUMAN_OBSERVATION",NA,NA,NA,1320,955,646,592,682,656
52.94878,1.210722,2018,11,"United Kingdom of Great Britain and Northern Ireland","HUMAN_OBSERVATION",NA,NA,NA,1340,734,665,469,701,595
51.63,3.69,2018,12,"Netherlands","HUMAN_OBSERVATION",NA,NA,NA,1289,930,615,568,651,635
47.6714,-3.2083,2017,4,"France","HUMAN_OBSERVATION",NA,NA,NA,878,774,381,308,240,129
50.72422,1.59716,2017,5,"France","HUMAN_OBSERVATION",NA,NA,NA,1109,828,435,410,470,459
48.66203,-2.27538,2017,7,"France","HUMAN_OBSERVATION",NA,NA,NA,862,732,235,233,143,125
52.95044,1.144667,2017,7,"United Kingdom of Great Britain and Northern Ireland","HUMAN_OBSERVATION",NA,NA,NA,1346,730,672,466,708,592
52.9501,1.144427,2017,7,"United Kingdom of Great Britain and Northern Ireland","HUMAN_OBSERVATION",NA,NA,NA,1346,730,672,466,708,592
52.93508,1.298326,2017,7,"United Kingdom of Great Britain and Northern Ireland","HUMAN_OBSERVATION",NA,NA,NA,1340,740,665,473,701,598
52.93508,1.298326,2017,7,"United Kingdom of Great Britain and Northern Ireland","HUMAN_OBSERVATION",NA,NA,NA,1340,740,665,473,701,598
49.17236,-2.228476,2017,8,"Jersey","HUMAN_OBSERVATION",NA,NA,NA,842,694,194,192,139,137
49.25651,-2.215966,2017,8,"Jersey","HUMAN_OBSERVATION",NA,NA,NA,838,688,185,186,143,141
49.25925,-2.222266,2017,8,"Jersey","HUMAN_OBSERVATION",NA,NA,NA,838,687,185,186,143,141
48.79089,-3.09395,2017,8,"France","HUMAN_OBSERVATION",48.85,-3.04999999999999,7.33,797,678,186,187,77,69
49.17236,-2.228476,2017,8,"Jersey","HUMAN_OBSERVATION",NA,NA,NA,842,694,194,192,139,137
52.95176,1.146833,2017,8,"United Kingdom of Great Britain and Northern Ireland","HUMAN_OBSERVATION",NA,NA,NA,1346,730,672,466,708,593
51.19731,-4.184006,2017,9,"United Kingdom of Great Britain and Northern Ireland","HUMAN_OBSERVATION",51.25,-4.14999999999999,6.33,618,442,274,98,347,282
51.200575,-4.177719,2017,9,"United Kingdom of Great Britain and Northern Ireland","HUMAN_OBSERVATION",NA,NA,NA,618,444,274,93,347,277
51.199703,-4.176246,2017,9,"United Kingdom of Great Britain and Northern Ireland","HUMAN_OBSERVATION",51.25,-4.14999999999999,5.89,618,442,274,98,347,282
51.199646,-4.176888,2017,9,"United Kingdom of Great Britain and Northern Ireland","HUMAN_OBSERVATION",51.25,-4.14999999999999,5.91,618,442,274,98,347,282
51.19731,-4.184006,2017,9,"United Kingdom of Great Britain and Northern Ireland","HUMAN_OBSERVATION",51.25,-4.14999999999999,6.33,618,442,274,98,347,282
49.48892,0.11775,2017,10,"France","HUMAN_OBSERVATION",NA,NA,NA,1002,804,342,322,346,310
49.48892,0.11775,2016,1,"France","HUMAN_OBSERVATION",NA,NA,NA,1002,804,342,322,346,310
47.6714,-3.2083,2016,6,"France","HUMAN_OBSERVATION",NA,NA,NA,878,774,381,308,240,129
47.6714,-3.2083,2016,6,"France","HUMAN_OBSERVATION",NA,NA,NA,878,774,381,308,240,129
50.69795,-1.966715,2016,6,"United Kingdom of Great Britain and Northern Ireland","HUMAN_OBSERVATION",50.65,-1.84999999999999,9.81,864,615,190,167,262,264
52.9472,1.209972,2016,7,"United Kingdom of Great Britain and Northern Ireland","HUMAN_OBSERVATION",NA,NA,NA,1340,734,665,469,701,595
51.4,3.55,2016,7,"Netherlands","HUMAN_OBSERVATION",51.45,3.55000000000001,5.57,1275,927,601,555,636,617
52.95718,1.099314,2016,7,"United Kingdom of Great Britain and Northern Ireland","HUMAN_OBSERVATION",52.95,1.15000000000001,3.49,1346,730,672,466,708,593
52.95069,1.14502,2016,8,"United Kingdom of Great Britain and Northern Ireland","HUMAN_OBSERVATION",NA,NA,NA,1346,730,672,466,708,592
52.96807,1.054025,2016,8,"United Kingdom of Great Britain and Northern Ireland","HUMAN_OBSERVATION",53.05,1.05000000000001,9.12,1357,722,683,467,719,597
52.96773,1.053896,2016,8,"United Kingdom of Great Britain and Northern Ireland","HUMAN_OBSERVATION",53.05,1.05000000000001,9.16,1357,722,683,467,719,597
52.95025,1.166946,2016,8,"United Kingdom of Great Britain and Northern Ireland","HUMAN_OBSERVATION",NA,NA,NA,1346,731,672,467,708,593
52.95025,1.166946,2016,8,"United Kingdom of Great Britain and Northern Ireland","HUMAN_OBSERVATION",NA,NA,NA,1346,731,672,467,708,593
52.94993,1.145501,2016,9,"United Kingdom of Great Britain and Northern Ireland","HUMAN_OBSERVATION",NA,NA,NA,1346,730,672,466,708,592
48.8779,-1.79918,2016,9,"France","HUMAN_OBSERVATION",NA,NA,NA,890,739,243,238,172,160
52.94993,1.145501,2016,9,"United Kingdom of Great Britain and Northern Ireland","HUMAN_OBSERVATION",NA,NA,NA,1346,730,672,466,708,592
48.86983,-1.8045,2016,9,"France","HUMAN_OBSERVATION",NA,NA,NA,883,739,238,238,165,160
51.63,3.69,2016,9,"Netherlands","HUMAN_OBSERVATION",NA,NA,NA,1289,930,615,568,651,635
51.6,4.05,2016,10,"Netherlands","HUMAN_OBSERVATION",NA,NA,NA,1320,955,646,592,682,656
50.365014,-4.130791,2016,10,"United Kingdom of Great Britain and Northern Ireland","HUMAN_OBSERVATION",NA,NA,NA,689,503,0,2,180,184
50.364115,-4.13075,2016,10,"United Kingdom of Great Britain and Northern Ireland","HUMAN_OBSERVATION",NA,NA,NA,689,503,0,2,180,184
51.63,3.69,2015,1,"Netherlands","HUMAN_OBSERVATION",NA,NA,NA,1289,930,615,568,651,635
49.24518,-2.06417,2015,6,"Jersey","HUMAN_OBSERVATION",NA,NA,NA,852,697,195,196,158,151
49.26435,-2.129076,2015,6,"Jersey","HUMAN_OBSERVATION",49.25,-2.04999999999999,5.96,852,697,195,196,158,152
52.95126,1.135047,2015,7,"United Kingdom of Great Britain and Northern Ireland","HUMAN_OBSERVATION",NA,NA,NA,1346,729,672,465,708,592
52.96711,1.054448,2015,7,"United Kingdom of Great Britain and Northern Ireland","HUMAN_OBSERVATION",53.05,1.05000000000001,9.23,1357,722,683,467,719,597
52.9502,1.146176,2015,8,"United Kingdom of Great Britain and Northern Ireland","HUMAN_OBSERVATION",NA,NA,NA,1346,730,672,466,708,593
52.94966,1.145176,2015,8,"United Kingdom of Great Britain and Northern Ireland","HUMAN_OBSERVATION",NA,NA,NA,1346,730,672,466,708,592
52.95126,1.135047,2015,8,"United Kingdom of Great Britain and Northern Ireland","HUMAN_OBSERVATION",NA,NA,NA,1346,729,672,465,708,592
52.96593,1.05461,2015,8,"United Kingdom of Great Britain and Northern Ireland","HUMAN_OBSERVATION",53.05,1.05000000000001,9.36,1357,722,683,467,719,597
52.95126,1.135047,2015,9,"United Kingdom of Great Britain and Northern Ireland","HUMAN_OBSERVATION",NA,NA,NA,1346,729,672,465,708,592
54.48989,-5.646461,2015,9,"United Kingdom of Great Britain and Northern Ireland","HUMAN_OBSERVATION",54.55,-5.64999999999999,6.7,527,306,609,476,682,659
51.63,3.69,2015,9,"Netherlands","HUMAN_OBSERVATION",NA,NA,NA,1289,930,615,568,651,635
54.49006,-5.641795,2015,10,"United Kingdom of Great Britain and Northern Ireland","HUMAN_OBSERVATION",54.55,-5.64999999999999,6.69,527,306,609,476,682,659
51.52,3.43,2014,4,"Netherlands","HUMAN_OBSERVATION",NA,NA,NA,1271,916,597,548,633,614
47.56904,-2.90619,2014,5,"France","HUMAN_OBSERVATION",NA,NA,NA,905,797,407,324,266,150
47.40972,-2.61861,2014,6,"France","HUMAN_OBSERVATION",NA,NA,NA,931,824,433,348,292,177
47.41167,-2.62806,2014,6,"France","HUMAN_OBSERVATION",NA,NA,NA,931,823,433,347,292,176
52.96561,1.053307,2014,7,"United Kingdom of Great Britain and Northern Ireland","HUMAN_OBSERVATION",53.05,1.05000000000001,9.4,1357,722,683,467,719,597
54.49006,-5.641795,2014,8,"United Kingdom of Great Britain and Northern Ireland","HUMAN_OBSERVATION",54.55,-5.64999999999999,6.69,527,306,609,476,682,659
50.242572,-3.762072,2014,8,"United Kingdom of Great Britain and Northern Ireland","HUMAN_OBSERVATION",50.25,-3.84999999999999,6.31,707,526,25,25,168,171
52.96536,1.053639,2014,9,"United Kingdom of Great Britain and Northern Ireland","HUMAN_OBSERVATION",53.05,1.05000000000001,9.43,1357,722,683,467,719,597
52.96648,1.052422,2014,9,"United Kingdom of Great Britain and Northern Ireland","HUMAN_OBSERVATION",53.05,1.05000000000001,9.3,1357,722,683,467,719,597
52.96648,1.052422,2014,9,"United Kingdom of Great Britain and Northern Ireland","HUMAN_OBSERVATION",53.05,1.05000000000001,9.3,1357,722,683,467,719,597
52.96656,1.051743,2014,9,"United Kingdom of Great Britain and Northern Ireland","HUMAN_OBSERVATION",53.05,1.05000000000001,9.29,1357,722,683,467,719,597
50.606696,-2.450041,2014,9,"United Kingdom of Great Britain and Northern Ireland","HUMAN_OBSERVATION",50.55,-2.54999999999999,9.47,811,579,137,116,226,228
47.40833,-2.62361,2014,9,"France","HUMAN_OBSERVATION",NA,NA,NA,931,824,433,348,292,177
47.41417,-2.6225,2014,9,"France","HUMAN_OBSERVATION",NA,NA,NA,931,823,433,347,292,176
47.41056,-2.61694,2014,9,"France","HUMAN_OBSERVATION",NA,NA,NA,931,824,433,348,292,177
52.95054,1.135442,2014,9,"United Kingdom of Great Britain and Northern Ireland","HUMAN_OBSERVATION",NA,NA,NA,1346,729,672,465,708,592
50.790374,-1.116804,2014,10,"United Kingdom of Great Britain and Northern Ireland","HUMAN_OBSERVATION",NA,NA,NA,925,652,251,220,306,309
52.96526,1.05437,2014,10,"United Kingdom of Great Britain and Northern Ireland","HUMAN_OBSERVATION",53.05,1.05000000000001,9.44,1357,722,683,467,719,597
54.03984,-6.109179,2013,6,"United Kingdom of Great Britain and Northern Ireland","HUMAN_OBSERVATION",NA,NA,NA,626,256,558,430,631,611
54.03984,-6.109179,2013,6,"United Kingdom of Great Britain and Northern Ireland","HUMAN_OBSERVATION",NA,NA,NA,626,256,558,430,631,611
54.03984,-6.109179,2013,6,"United Kingdom of Great Britain and Northern Ireland","HUMAN_OBSERVATION",NA,NA,NA,626,256,558,430,631,611
54.07318,-6.182687,2013,6,"United Kingdom of Great Britain and Northern Ireland","HUMAN_OBSERVATION",NA,NA,NA,626,253,558,435,631,615
49.17463,-2.207891,2013,7,"Jersey","HUMAN_OBSERVATION",NA,NA,NA,842,695,194,193,139,138
49.28513,-2.19778,2013,7,"Jersey","HUMAN_OBSERVATION",49.25,-2.24999999999999,5.45,838,687,185,185,143,139
49.17463,-2.207891,2013,7,"Jersey","HUMAN_OBSERVATION",NA,NA,NA,842,695,194,193,139,138
49.26163,-2.150883,2013,7,"Jersey","HUMAN_OBSERVATION",49.35,-2.14999999999999,9.84,841,684,182,183,154,150
53.42824,-4.432161,2013,8,"United Kingdom of Great Britain and Northern Ireland","HUMAN_OBSERVATION",NA,NA,NA,666,355,494,341,567,525
54.490488,-5.643662,2013,8,"United Kingdom of Great Britain and Northern Ireland","HUMAN_OBSERVATION",54.55,-5.64999999999999,6.64,527,306,609,476,682,659
54.49357,-5.647793,2013,8,"United Kingdom of Great Britain and Northern Ireland","HUMAN_OBSERVATION",54.55,-5.64999999999999,6.28,527,306,609,476,682,659
52.95738,1.105077,2013,8,"United Kingdom of Great Britain and Northern Ireland","HUMAN_OBSERVATION",NA,NA,NA,1346,727,672,464,708,591
54.490488,-5.643662,2013,8,"United Kingdom of Great Britain and Northern Ireland","HUMAN_OBSERVATION",54.55,-5.64999999999999,6.64,527,306,609,476,682,659
54.490164,-5.642835,2013,8,"United Kingdom of Great Britain and Northern Ireland","HUMAN_OBSERVATION",54.55,-5.64999999999999,6.68,527,306,609,476,682,659
52.95782,1.10292,2013,8,"United Kingdom of Great Britain and Northern Ireland","HUMAN_OBSERVATION",NA,NA,NA,1346,727,672,464,708,591
50.68823,-1.954978,2013,9,"United Kingdom of Great Britain and Northern Ireland","HUMAN_OBSERVATION",50.65,-1.84999999999999,8.54,864,615,190,167,262,264
50.68823,-1.954978,2013,9,"United Kingdom of Great Britain and Northern Ireland","HUMAN_OBSERVATION",50.65,-1.84999999999999,8.54,864,615,190,167,262,264
50.358004,-4.120635,2013,9,"United Kingdom of Great Britain and Northern Ireland","HUMAN_OBSERVATION",NA,NA,NA,689,504,0,3,180,183
50.68823,-1.954978,2013,9,"United Kingdom of Great Britain and Northern Ireland","HUMAN_OBSERVATION",50.65,-1.84999999999999,8.54,864,615,190,167,262,264
50.364141,-4.129345,2013,9,"United Kingdom of Great Britain and Northern Ireland","HUMAN_OBSERVATION",NA,NA,NA,689,503,0,2,180,184
50.361856,-4.131352,2012,2,"United Kingdom of Great Britain and Northern Ireland","HUMAN_OBSERVATION",NA,NA,NA,689,503,0,2,180,183
50.361856,-4.131352,2012,2,"United Kingdom of Great Britain and Northern Ireland","HUMAN_OBSERVATION",NA,NA,NA,689,503,0,2,180,183
48.87667,-1.8,2012,5,"France","HUMAN_OBSERVATION",NA,NA,NA,890,739,243,238,172,160
53.42659,-4.438932,2012,7,"United Kingdom of Great Britain and Northern Ireland","HUMAN_OBSERVATION",NA,NA,NA,666,354,494,341,567,525
54.05151,-6.190184,2012,8,"Ireland","HUMAN_OBSERVATION",NA,NA,NA,626,252,558,433,631,613
54.490344,-5.648769,2012,9,"United Kingdom of Great Britain and Northern Ireland","HUMAN_OBSERVATION",54.55,-5.64999999999999,6.64,527,306,609,476,682,659
54.492844,-5.651036,2012,9,"United Kingdom of Great Britain and Northern Ireland","HUMAN_OBSERVATION",54.55,-5.64999999999999,6.36,527,306,609,476,682,659
54.490344,-5.648769,2012,9,"United Kingdom of Great Britain and Northern Ireland","HUMAN_OBSERVATION",54.55,-5.64999999999999,6.64,527,306,609,476,682,659
54.492844,-5.651036,2012,9,"United Kingdom of Great Britain and Northern Ireland","HUMAN_OBSERVATION",54.55,-5.64999999999999,6.36,527,306,609,476,682,659
48.87738,-1.80931,2012,9,"France","HUMAN_OBSERVATION",NA,NA,NA,883,738,238,237,165,159
54.49006,-5.641795,2012,9,"United Kingdom of Great Britain and Northern Ireland","HUMAN_OBSERVATION",54.55,-5.64999999999999,6.69,527,306,609,476,682,659
54.49357,-5.647793,2012,9,"United Kingdom of Great Britain and Northern Ireland","HUMAN_OBSERVATION",54.55,-5.64999999999999,6.28,527,306,609,476,682,659
50.09657,-5.12229,2012,9,"United Kingdom of Great Britain and Northern Ireland","HUMAN_OBSERVATION",50.05,-5.04999999999999,7.32,614,482,76,73,166,168
54.49357,-5.647793,2012,10,"United Kingdom of Great Britain and Northern Ireland","HUMAN_OBSERVATION",54.55,-5.64999999999999,6.28,527,306,609,476,682,659
50.605361,-2.446495,2011,6,"United Kingdom of Great Britain and Northern Ireland","HUMAN_OBSERVATION",50.55,-2.34999999999999,9.19,825,591,151,130,232,235
52.95046,1.209759,2011,7,"United Kingdom of Great Britain and Northern Ireland","HUMAN_OBSERVATION",NA,NA,NA,1340,734,665,469,701,595
52.95046,1.209759,2011,7,"United Kingdom of Great Britain and Northern Ireland","HUMAN_OBSERVATION",NA,NA,NA,1340,734,665,469,701,595
52.95046,1.209759,2011,7,"United Kingdom of Great Britain and Northern Ireland","HUMAN_OBSERVATION",NA,NA,NA,1340,734,665,469,701,595
50.361856,-4.131352,2011,8,"United Kingdom of Great Britain and Northern Ireland","HUMAN_OBSERVATION",NA,NA,NA,689,503,0,2,180,183
50.361856,-4.131352,2010,7,"United Kingdom of Great Britain and Northern Ireland","HUMAN_OBSERVATION",NA,NA,NA,689,503,0,2,180,183
50.361856,-4.131352,2009,7,"United Kingdom of Great Britain and Northern Ireland","HUMAN_OBSERVATION",NA,NA,NA,689,503,0,2,180,183
50.605361,-2.446495,2009,10,"United Kingdom of Great Britain and Northern Ireland","HUMAN_OBSERVATION",50.55,-2.34999999999999,9.19,825,591,151,130,232,235
50.791707,-1.114651,2009,10,"United Kingdom of Great Britain and Northern Ireland","HUMAN_OBSERVATION",NA,NA,NA,925,652,251,220,306,309
50.362113,-4.117303,2009,11,"United Kingdom of Great Britain and Northern Ireland","HUMAN_OBSERVATION",NA,NA,NA,689,504,0,3,180,183
50.362113,-4.117303,2008,10,"United Kingdom of Great Britain and Northern Ireland","HUMAN_OBSERVATION",NA,NA,NA,689,504,0,3,180,183
50.361856,-4.131352,2006,2,"United Kingdom of Great Britain and Northern Ireland","HUMAN_OBSERVATION",NA,NA,NA,689,503,0,2,180,183
50.792162,-1.115352,2005,7,"United Kingdom of Great Britain and Northern Ireland","HUMAN_OBSERVATION",NA,NA,NA,925,652,251,220,306,309
50.791263,-1.115369,2005,7,"United Kingdom of Great Britain and Northern Ireland","HUMAN_OBSERVATION",NA,NA,NA,925,652,251,220,306,309
50.791707,-1.114651,2005,7,"United Kingdom of Great Britain and Northern Ireland","HUMAN_OBSERVATION",NA,NA,NA,925,652,251,220,306,309
50.364218,-4.12513,2005,8,"United Kingdom of Great Britain and Northern Ireland","HUMAN_OBSERVATION",NA,NA,NA,689,503,0,2,180,184
50.361856,-4.131352,2004,9,"United Kingdom of Great Britain and Northern Ireland","HUMAN_OBSERVATION",NA,NA,NA,689,503,0,2,180,183
50.583226,-2.472416,2002,7,"United Kingdom of Great Britain and Northern Ireland","HUMAN_OBSERVATION",50.55,-2.54999999999999,6.62,811,579,137,116,226,228
50.583226,-2.472416,2002,7,"United Kingdom of Great Britain and Northern Ireland","HUMAN_OBSERVATION",50.55,-2.54999999999999,6.62,811,579,137,116,226,228
50.583226,-2.472416,2002,7,"United Kingdom of Great Britain and Northern Ireland","HUMAN_OBSERVATION",50.55,-2.54999999999999,6.62,811,579,137,116,226,228
50.583226,-2.472416,2002,7,"United Kingdom of Great Britain and Northern Ireland","HUMAN_OBSERVATION",50.55,-2.54999999999999,6.62,811,579,137,116,226,228
50.583226,-2.472416,2002,7,"United Kingdom of Great Britain and Northern Ireland","HUMAN_OBSERVATION",50.55,-2.54999999999999,6.62,811,579,137,116,226,228
50.583226,-2.472416,2002,7,"United Kingdom of Great Britain and Northern Ireland","HUMAN_OBSERVATION",50.55,-2.54999999999999,6.62,811,579,137,116,226,228
50.583226,-2.472416,2002,7,"United Kingdom of Great Britain and Northern Ireland","HUMAN_OBSERVATION",50.55,-2.54999999999999,6.62,811,579,137,116,226,228
50.583226,-2.472416,2002,7,"United Kingdom of Great Britain and Northern Ireland","HUMAN_OBSERVATION",50.55,-2.54999999999999,6.62,811,579,137,116,226,228
50.583226,-2.472416,2002,7,"United Kingdom of Great Britain and Northern Ireland","HUMAN_OBSERVATION",50.55,-2.54999999999999,6.62,811,579,137,116,226,228
50.589463,-2.486605,2002,7,"United Kingdom of Great Britain and Northern Ireland","HUMAN_OBSERVATION",50.55,-2.54999999999999,6.28,811,579,137,116,226,228
50.583226,-2.472416,2002,7,"United Kingdom of Great Britain and Northern Ireland","HUMAN_OBSERVATION",50.55,-2.54999999999999,6.62,811,579,137,116,226,228
50.583226,-2.472416,2002,7,"United Kingdom of Great Britain and Northern Ireland","HUMAN_OBSERVATION",50.55,-2.54999999999999,6.62,811,579,137,116,226,228
50.583226,-2.472416,2002,7,"United Kingdom of Great Britain and Northern Ireland","HUMAN_OBSERVATION",50.55,-2.54999999999999,6.62,811,579,137,116,226,228
50.583226,-2.472416,2002,7,"United Kingdom of Great Britain and Northern Ireland","HUMAN_OBSERVATION",50.55,-2.54999999999999,6.62,811,579,137,116,226,228
50.583226,-2.472416,2002,7,"United Kingdom of Great Britain and Northern Ireland","HUMAN_OBSERVATION",50.55,-2.54999999999999,6.62,811,579,137,116,226,228
50.583226,-2.472416,2002,7,"United Kingdom of Great Britain and Northern Ireland","HUMAN_OBSERVATION",50.55,-2.54999999999999,6.62,811,579,137,116,226,228
51.707968,-5.140259,2002,9,"United Kingdom of Great Britain and Northern Ireland","HUMAN_OBSERVATION",51.65,-5.14999999999999,6.49,548,360,287,159,360,337
51.707968,-5.140259,2002,9,"United Kingdom of Great Britain and Northern Ireland","HUMAN_OBSERVATION",51.65,-5.14999999999999,6.49,548,360,287,159,360,337
54.049045,-6.177004,NA,NA,"Ireland","HUMAN_OBSERVATION",NA,NA,NA,626,252,558,432,631,613
52.343991,-6.430949,NA,NA,"Ireland","HUMAN_OBSERVATION",NA,NA,NA,493,245,372,271,445,440
52.2589,-9.914521,NA,NA,"Ireland","HUMAN_OBSERVATION",NA,NA,NA,113,111,585,453,636,577
52.652934,-9.551765,NA,NA,"Ireland","HUMAN_OBSERVATION",NA,NA,NA,69,68,635,453,686,589
53.553688,-9.989611,NA,NA,"Ireland","HUMAN_OBSERVATION",53.65,-9.94999999999999,11.04,65,46,737,540,788,690
54.949264,-8.409701,NA,NA,"Ireland","HUMAN_OBSERVATION",NA,NA,NA,260,208,884,585,956,758
48.88803,-1.80372,NA,NA,"France","HUMAN_OBSERVATION",NA,NA,NA,883,738,238,236,165,160
50.094747,-5.53784,2020,1,"United Kingdom of Great Britain and Northern Ireland","MATERIAL_SAMPLE",NA,NA,NA,570,456,119,103,187,191
50.094747,-5.53784,2020,1,"United Kingdom of Great Britain and Northern Ireland","MATERIAL_SAMPLE",NA,NA,NA,570,456,119,103,187,191
50.239102,-5.396157,2018,9,"United Kingdom of Great Britain and Northern Ireland","MATERIAL_SAMPLE",NA,NA,NA,576,450,135,90,206,198
50.239102,-5.396157,2018,9,"United Kingdom of Great Britain and Northern Ireland","MATERIAL_SAMPLE",NA,NA,NA,576,450,135,90,206,198
50.711448,-1.977492,2018,9,"United Kingdom of Great Britain and Northern Ireland","MATERIAL_SAMPLE",50.65,-1.84999999999999,11.3,864,615,190,167,262,264
50.239102,-5.396157,2018,9,"United Kingdom of Great Britain and Northern Ireland","MATERIAL_SAMPLE",NA,NA,NA,576,450,135,90,206,198
50.239102,-5.396157,2018,9,"United Kingdom of Great Britain and Northern Ireland","MATERIAL_SAMPLE",NA,NA,NA,576,450,135,90,206,198
50.711448,-1.977492,2018,9,"United Kingdom of Great Britain and Northern Ireland","MATERIAL_SAMPLE",50.65,-1.84999999999999,11.3,864,615,190,167,262,264
51.198957,-4.179132,2017,9,"United Kingdom of Great Britain and Northern Ireland","MATERIAL_SAMPLE",51.25,-4.14999999999999,6.03,618,442,274,98,347,282
51.198957,-4.179132,2017,9,"United Kingdom of Great Britain and Northern Ireland","MATERIAL_SAMPLE",51.25,-4.14999999999999,6.03,618,442,274,98,347,282
48.71751,-3.96649,2019,NA,"France","OCCURRENCE",NA,NA,NA,740,647,180,184,0,0
48.71751,-3.96649,2019,NA,"France","OCCURRENCE",NA,NA,NA,740,647,180,184,0,0
48.71751,-3.96649,2018,NA,"France","OCCURRENCE",NA,NA,NA,740,647,180,184,0,0
